{
  "middleware.ts": 1776162958.5326982,
  "next-env.d.ts": 1776163565.894452,
  "next.config.ts": 1776162627.058457,
  "chrome-extension\\background.js": 1776203392.074598,
  "chrome-extension\\content.js": 1776202824.8568232,
  "chrome-extension\\popup.js": 1776202927.6158357,
  "chrome-extension\\tracker-bridge.js": 1776203242.0299642,
  "src\\app\\layout.tsx": 1776212930.9462955,
  "src\\app\\page.tsx": 1776205896.6223414,
  "src\\app\\api\\applications\\route.ts": 1776163362.2925594,
  "src\\app\\api\\applications\\[id]\\route.ts": 1776209471.2966454,
  "src\\app\\api\\auth\\gmail\\route.ts": 1776167471.2179718,
  "src\\app\\api\\auth\\gmail-callback\\route.ts": 1776168056.1252923,
  "src\\app\\api\\auth\\signout\\route.ts": 1776209113.0756123,
  "src\\app\\api\\chat\\route.ts": 1776270842.7377074,
  "src\\app\\api\\cron\\ingest\\route.ts": 1776163362.501853,
  "src\\app\\api\\emails\\ingest\\route.ts": 1776163362.203589,
  "src\\app\\api\\emails\\reparse\\route.ts": 1776168893.1656885,
  "src\\app\\api\\emails\\sync\\route.ts": 1776184615.2019744,
  "src\\app\\api\\emails\\test-message\\route.ts": 1776192253.8834434,
  "src\\app\\api\\generate-document\\route.ts": 1776268596.3829153,
  "src\\app\\api\\job-analysis\\route.ts": 1776269229.6697187,
  "src\\app\\api\\profile\\route.ts": 1776196086.9057877,
  "src\\app\\api\\profile\\cv-upload\\route.ts": 1776268596.3553352,
  "src\\app\\auth\\confirm\\route.ts": 1776165219.5564034,
  "src\\app\\dashboard\\layout.tsx": 1776210494.348828,
  "src\\app\\dashboard\\loading.tsx": 1776213323.1720917,
  "src\\app\\dashboard\\page.tsx": 1776206340.3300595,
  "src\\app\\dashboard\\chat\\loading.tsx": 1776269455.022266,
  "src\\app\\dashboard\\chat\\page.tsx": 1776269446.5067472,
  "src\\app\\dashboard\\job-analysis\\loading.tsx": 1776253247.5437696,
  "src\\app\\dashboard\\job-analysis\\page.tsx": 1776253247.441049,
  "src\\app\\dashboard\\profile\\loading.tsx": 1776213380.2745104,
  "src\\app\\dashboard\\profile\\page.tsx": 1776196159.2894335,
  "src\\app\\dashboard\\[id]\\loading.tsx": 1776213356.164985,
  "src\\app\\dashboard\\[id]\\page.tsx": 1776210046.5697381,
  "src\\app\\dashboard\\[id]\\edit\\loading.tsx": 1776213356.1867666,
  "src\\app\\dashboard\\[id]\\edit\\page.tsx": 1776210055.030295,
  "src\\app\\demo-login\\actions.ts": 1776163263.8463075,
  "src\\app\\demo-login\\page.tsx": 1776163263.772171,
  "src\\app\\login\\actions.ts": 1776165198.8422623,
  "src\\app\\login\\page.tsx": 1776213415.2259622,
  "src\\components\\application-form.tsx": 1776234284.2777867,
  "src\\components\\application-table.tsx": 1776234503.7696369,
  "src\\components\\applications-content.tsx": 1776234603.444762,
  "src\\components\\confidence-bar.tsx": 1776163206.6323824,
  "src\\components\\dashboard-actions.tsx": 1776209317.7491229,
  "src\\components\\delete-application.tsx": 1776209495.1748786,
  "src\\components\\delete-confirm-dialog.tsx": 1776234374.9580295,
  "src\\components\\demo-banner.tsx": 1776205850.7952187,
  "src\\components\\document-generate-dialog.tsx": 1776256753.3154016,
  "src\\components\\email-source.tsx": 1776209560.3838964,
  "src\\components\\filter-bar.tsx": 1776213277.2595441,
  "src\\components\\kanban-board.tsx": 1776235707.2813246,
  "src\\components\\nav-sidebar.tsx": 1776269473.3043988,
  "src\\components\\parse-log-panel.tsx": 1776163226.3012738,
  "src\\components\\profile-workspace.tsx": 1776210013.4825776,
  "src\\components\\status-badge.tsx": 1776163206.371431,
  "src\\components\\status-change.tsx": 1776209772.9302459,
  "src\\components\\view-toggle.tsx": 1776210207.8105054,
  "src\\components\\chat\\analysis-selector.tsx": 1776269369.7352593,
  "src\\components\\chat\\chat-empty-state.tsx": 1776269338.691936,
  "src\\components\\chat\\chat-message.tsx": 1776269354.6581857,
  "src\\components\\chat\\workspace.tsx": 1776269420.0421169,
  "src\\components\\job-analysis\\analysis-loading.tsx": 1776253137.5518858,
  "src\\components\\job-analysis\\empty-state.tsx": 1776253137.442163,
  "src\\components\\job-analysis\\history-item.tsx": 1776253137.497157,
  "src\\components\\job-analysis\\history-sidebar.tsx": 1776253190.954164,
  "src\\components\\job-analysis\\input-mode-toggle.tsx": 1776253066.526249,
  "src\\components\\job-analysis\\input-panel.tsx": 1776253190.8343067,
  "src\\components\\job-analysis\\result-detail.tsx": 1776254733.634521,
  "src\\components\\job-analysis\\score-ring.tsx": 1776253066.381834,
  "src\\components\\job-analysis\\themed-section.tsx": 1776253066.4659412,
  "src\\components\\job-analysis\\workspace.tsx": 1776253231.4686868,
  "src\\components\\ui\\button.tsx": 1776163128.4213662,
  "src\\components\\ui\\card.tsx": 1776205821.1471276,
  "src\\components\\ui\\context-menu.tsx": 1776234374.8500013,
  "src\\components\\ui\\dialog.tsx": 1776254655.2824504,
  "src\\components\\ui\\input.tsx": 1776163128.47682,
  "src\\components\\ui\\select.tsx": 1776163128.530257,
  "src\\components\\ui\\skeleton.tsx": 1776213301.5943596,
  "src\\components\\ui\\textarea.tsx": 1776163128.585314,
  "src\\lib\\rate-limiter.ts": 1776270816.746977,
  "src\\lib\\db\\applications.ts": 1776209452.2636456,
  "src\\lib\\db\\candidate-profile.ts": 1776196397.627211,
  "src\\lib\\db\\job-fit-analyses.ts": 1776197927.682552,
  "src\\lib\\db\\parse-logs.ts": 1776189685.1848202,
  "src\\lib\\db\\raw-emails.ts": 1776162993.0701096,
  "src\\lib\\db\\user-usage.ts": 1776269135.5234227,
  "src\\lib\\filter\\is-job-related.ts": 1776163055.576013,
  "src\\lib\\filter\\job-keywords.ts": 1776167615.5739214,
  "src\\lib\\gmail\\client.ts": 1776163055.3472545,
  "src\\lib\\gmail\\fetch-emails.ts": 1776196305.6519012,
  "src\\lib\\gmail\\parse-raw.ts": 1776194587.9263945,
  "src\\lib\\ingest\\match-application.ts": 1776188762.8651998,
  "src\\lib\\ingest\\pipeline.ts": 1776268596.429423,
  "src\\lib\\ingest\\reparse-pipeline.ts": 1776268596.5007312,
  "src\\lib\\ingest\\store-raw-email.ts": 1776185343.976161,
  "src\\lib\\ingest\\upsert-application.ts": 1776193752.836948,
  "src\\lib\\parser\\openai-client.ts": 1776163055.6473842,
  "src\\lib\\parser\\parse-email.ts": 1776189343.965329,
  "src\\lib\\parser\\parse-log.ts": 1776189690.834105,
  "src\\lib\\parser\\prompt.ts": 1776191056.8985374,
  "src\\lib\\profile\\analyze-job-fit.ts": 1776198696.8469083,
  "src\\lib\\profile\\defaults.ts": 1776196388.865069,
  "src\\lib\\profile\\download-document.ts": 1776256645.5506945,
  "src\\lib\\profile\\extract-job-description.ts": 1776269165.3900661,
  "src\\lib\\profile\\extract-pdf.ts": 1776196724.9339705,
  "src\\lib\\profile\\generate-document.ts": 1776264122.0200357,
  "src\\lib\\profile\\generate-profile.ts": 1776198740.3411875,
  "src\\lib\\profile\\scrape-job-posting.ts": 1776198078.8695142,
  "src\\types\\application.ts": 1776190752.0263534,
  "src\\types\\email.ts": 1776169986.71154,
  "src\\types\\parse-result.ts": 1776188637.802934,
  "src\\types\\pdf-parse.d.ts": 1776196769.7595634,
  "src\\types\\profile.ts": 1776253076.5020287,
  "src\\types\\schemas.ts": 1776270819.5105891,
  "src\\utils\\cn.ts": 1776162958.4201725,
  "src\\utils\\date.ts": 1776162958.471809,
  "src\\utils\\normalize-company.ts": 1776193712.2673404,
  "src\\utils\\supabase\\admin.ts": 1776162958.3760302,
  "src\\utils\\supabase\\client.ts": 1776162958.1686282,
  "src\\utils\\supabase\\middleware.ts": 1776163731.1385002,
  "src\\utils\\supabase\\server.ts": 1776163882.740171,
  "CLAUDE.md": 1776211500.8510582,
  "frolicking-baking-chipmunk.md": 1776162353.859105,
  "job-application-tracker-mvp.md": 1776160906.3746412,
  "examples\\cv-example.md": 1776104590.7947712
}